{"chunk_1776403697434_ix50nnb7m":{"feedback":0.34089919444569866,"question":0.36790916355765163,"liked":0.34089919444569866,"reason":0.34089919444569866,"good":0.34089919444569866,"coverage":0.34089919444569866},"chunk_1776403708173_cvqfv7f53":{"headers":0.04359736125478933,"question":0.1981049342233509,"marks":0.17438944501915732,"subject":0.30474296200180406,"row":0.16961580337450796,"what":0.04359736125478933,"operating":0.09178055235076503,"system":0.09178055235076503,"define":0.05653860112483599,"process":0.09178055235076503,"scheduling":0.06512104540615175,"explain":0.04359736125478933,"virtual":0.09178055235076503,"memory":0.09178055235076503,"detail":0.09178055235076503},"chunk_1776403810554_isji7deny":{"headers":0.14169142407806531,"what":0.14169142407806531,"cpu":0.24760365662646577,"scheduling":0.21164339756999317,"explain":0.14169142407806531,"round":0.24760365662646577,"robin":0.24760365662646577,"marks":0.14169142407806531},"chunk_1776403810554_ewuytn2rs":{"headers":0.059659546980238023,"question":0.2710909626214275,"marks":0.2386381879209521,"row":0.2321058361966951,"define":0.07736861206556503,"deadlock":0.10425417121114348,"explain":0.059659546980238023,"banker":0.10425417121114348,"algorithm":0.10425417121114348,"what":0.059659546980238023,"paging":0.10425417121114348},"chunk_1776404045213_22qlmgtp3":{"headers":0.030635983584446556,"question":0.17401109087186228,"marks":0.1531799179222328,"subject":0.26767962878536844,"row":0.15891931126980927,"what":0.06127196716889311,"polymorphism":0.06449444219242949,"oop":0.25797776876971795,"explain":0.030635983584446556,"inheritance":0.06449444219242949,"with":0.06449444219242949,"example":0.06449444219242949,"define":0.039729827817452316,"encapsulation":0.06449444219242949,"programming":0.06449444219242949,"are":0.06449444219242949,"abstract":0.06449444219242949,"classes":0.06449444219242949},"chunk_1776404045557_yt1vjbuzi":{"headers":0.14169142407806531,"what":0.14169142407806531,"cpu":0.24760365662646577,"scheduling":0.21164339756999317,"explain":0.14169142407806531,"round":0.24760365662646577,"robin":0.24760365662646577,"marks":0.14169142407806531},"chunk_1776404045557_uqjjoyhj4":{"headers":0.059659546980238023,"question":0.2710909626214275,"marks":0.2386381879209521,"row":0.2321058361966951,"define":0.07736861206556503,"deadlock":0.10425417121114348,"explain":0.059659546980238023,"banker":0.10425417121114348,"algorithm":0.10425417121114348,"what":0.059659546980238023,"paging":0.10425417121114348}}