{"feedback":2.386294361119891,"question":1.2876820724517808,"liked":2.386294361119891,"reason":2.386294361119891,"good":2.386294361119891,"coverage":2.386294361119891,"headers":1.1335313926245225,"marks":1.1335313926245225,"subject":1.9808292530117262,"row":1.4700036292457357,"what":1.1335313926245225,"operating":2.386294361119891,"system":2.386294361119891,"define":1.4700036292457357,"process":2.386294361119891,"scheduling":1.6931471805599454,"explain":1.1335313926245225,"virtual":2.386294361119891,"memory":2.386294361119891,"detail":2.386294361119891,"cpu":1.9808292530117262,"round":1.9808292530117262,"robin":1.9808292530117262,"deadlock":1.9808292530117262,"banker":1.9808292530117262,"algorithm":1.9808292530117262,"paging":1.9808292530117262,"polymorphism":2.386294361119891,"oop":2.386294361119891,"inheritance":2.386294361119891,"with":2.386294361119891,"example":2.386294361119891,"encapsulation":2.386294361119891,"programming":2.386294361119891,"are":2.386294361119891,"abstract":2.386294361119891,"classes":2.386294361119891}